station_id,name,var_id,timestamp,value,flag
0115,Piʻiholo,RF_1_Tot300s,2023-03-04 00:00:00+00,0,0
0115,Piʻiholo,RF_1_Tot300s,2023-03-04 00:05:00+00,0,0
0115,Piʻiholo,RF_1_Tot300s,2023-03-04 00:10:00+00,0,0
0115,Piʻiholo,RF_1_Tot300s,2023-03-04 00:15:00+00,0.257,0
0115,Piʻiholo,RF_1_Tot300s,2023-03-04 00:20:00+00,0.257,0
0115,Piʻiholo,RF_1_Tot300s,2023-03-04 00:25:00+00,0,0
0115,Piʻiholo,RF_1_Tot300s,2023-03-04 00:30:00+00,0,0
0115,Piʻiholo,RF_1_Tot300s,2023-03-04 00:35:00+00,0,0
0115,Piʻiholo,RF_1_Tot300s,2023-03-04 00:40:00+00,0,0
0115,Piʻiholo,RF_1_Tot300s,2023-03-04 00:45:00+00,0,0
0115,Piʻiholo,RF_1_Tot300s,2023-03-04 00:50:00+00,0,0
0115,Piʻiholo,RF_1_Tot300s,2023-03-04 00:55:00+00,0,0
0115,Piʻiholo,RF_1_Tot300s,2023-03-04 01:00:00+00,0,0
0115,Piʻiholo,RF_1_Tot300s,2023-03-04 01:05:00+00,0,0
0115,Piʻiholo,RF_1_Tot300s,2023-03-04 01:10:00+00,0,0
0115,Piʻiholo,RF_1_Tot300s,2023-03-04 01:15:00+00,0,0
0115,Piʻiholo,RF_1_Tot300s,2023-03-04 01:20:00+00,0,0
0115,Piʻiholo,RF_1_Tot300s,2023-03-04 01:25:00+00,0,0
0115,Piʻiholo,RF_1_Tot300s,2023-03-04 01:30:00+00,0,0
0115,Piʻiholo,RF_1_Tot300s,2023-03-04 01:35:00+00,0,0
0115,Piʻiholo,RF_1_Tot300s,2023-03-04 01:40:00+00,0,0
0115,Piʻiholo,RF_1_Tot300s,2023-03-04 01:45:00+00,0,0
0115,Piʻiholo,RF_1_Tot300s,2023-03-04 01:50:00+00,0,0
0115,Piʻiholo,RF_1_Tot300s,2023-03-04 01:55:00+00,0,0
0115,Piʻiholo,RF_1_Tot300s,2023-03-04 02:00:00+00,0,0
0115,Piʻiholo,RF_1_Tot300s,2023-03-04 02:05:00+00,0,0
0115,Piʻiholo,RF_1_Tot300s,2023-03-04 02:10:00+00,0,0
0115,Piʻiholo,RF_1_Tot300s,2023-03-04 02:15:00+00,0,0
0115,Piʻiholo,RF_1_Tot300s,2023-03-04 02:20:00+00,0,0
0115,Piʻiholo,RF_1_Tot300s,2023-03-04 02:25:00+00,0,0
0115,Piʻiholo,RF_1_Tot300s,2023-03-04 02:30:00+00,0,0
0115,Piʻiholo,RF_1_Tot300s,2023-03-04 02:35:00+00,0,0
0115,Piʻiholo,RF_1_Tot300s,2023-03-04 02:40:00+00,0,0
0115,Piʻiholo,RF_1_Tot300s,2023-03-04 02:45:00+00,0,0
0115,Piʻiholo,RF_1_Tot300s,2023-03-04 02:50:00+00,0,0
0115,Piʻiholo,RF_1_Tot300s,2023-03-04 02:55:00+00,0,0
0115,Piʻiholo,RF_1_Tot300s,2023-03-04 03:00:00+00,0,0
0115,Piʻiholo,RF_1_Tot300s,2023-03-04 03:05:00+00,0,0
0115,Piʻiholo,RF_1_Tot300s,2023-03-04 03:10:00+00,0,0
0115,Piʻiholo,RF_1_Tot300s,2023-03-04 03:15:00+00,0,0
0115,Piʻiholo,RF_1_Tot300s,2023-03-04 03:20:00+00,0,0
0115,Piʻiholo,RF_1_Tot300s,2023-03-04 03:25:00+00,0,0
0115,Piʻiholo,RF_1_Tot300s,2023-03-04 03:30:00+00,0,0
0115,Piʻiholo,RF_1_Tot300s,2023-03-04 03:35:00+00,0,0
0115,Piʻiholo,RF_1_Tot300s,2023-03-04 03:40:00+00,0,0
0115,Piʻiholo,RF_1_Tot300s,2023-03-04 03:45:00+00,0,0
0115,Piʻiholo,RF_1_Tot300s,2023-03-04 03:50:00+00,0,0
0115,Piʻiholo,RF_1_Tot300s,2023-03-04 03:55:00+00,0,0
0115,Piʻiholo,RF_1_Tot300s,2023-03-04 04:00:00+00,0,0
0115,Piʻiholo,RF_1_Tot300s,2023-03-04 04:05:00+00,0.77,0
0115,Piʻiholo,RF_1_Tot300s,2023-03-04 04:10:00+00,0.257,0
0115,Piʻiholo,RF_1_Tot300s,2023-03-04 04:15:00+00,0,0
0115,Piʻiholo,RF_1_Tot300s,2023-03-04 04:20:00+00,0,0
0115,Piʻiholo,RF_1_Tot300s,2023-03-04 04:25:00+00,0,0
0115,Piʻiholo,RF_1_Tot300s,2023-03-04 04:30:00+00,0,0
0115,Piʻiholo,RF_1_Tot300s,2023-03-04 04:35:00+00,0,0
0115,Piʻiholo,RF_1_Tot300s,2023-03-04 04:40:00+00,0,0
0115,Piʻiholo,RF_1_Tot300s,2023-03-04 04:45:00+00,0,0
0115,Piʻiholo,RF_1_Tot300s,2023-03-04 04:50:00+00,0,0
0115,Piʻiholo,RF_1_Tot300s,2023-03-04 04:55:00+00,0,0
0115,Piʻiholo,RF_1_Tot300s,2023-03-04 05:00:00+00,0,0
0115,Piʻiholo,RF_1_Tot300s,2023-03-04 05:05:00+00,0,0
0115,Piʻiholo,RF_1_Tot300s,2023-03-04 05:10:00+00,0,0
0115,Piʻiholo,RF_1_Tot300s,2023-03-04 05:15:00+00,0,0
0115,Piʻiholo,RF_1_Tot300s,2023-03-04 05:20:00+00,0,0
0115,Piʻiholo,RF_1_Tot300s,2023-03-04 05:25:00+00,0.513,0
0115,Piʻiholo,RF_1_Tot300s,2023-03-04 05:30:00+00,0.257,0
0115,Piʻiholo,RF_1_Tot300s,2023-03-04 05:35:00+00,0,0
0115,Piʻiholo,RF_1_Tot300s,2023-03-04 05:40:00+00,1.283,0
0115,Piʻiholo,RF_1_Tot300s,2023-03-04 05:45:00+00,0.257,0
0115,Piʻiholo,RF_1_Tot300s,2023-03-04 05:50:00+00,0,0
0115,Piʻiholo,RF_1_Tot300s,2023-03-04 05:55:00+00,0,0
0115,Piʻiholo,RF_1_Tot300s,2023-03-04 06:00:00+00,0,0
0115,Piʻiholo,RF_1_Tot300s,2023-03-04 06:05:00+00,0,0
0115,Piʻiholo,RF_1_Tot300s,2023-03-04 06:10:00+00,0,0
0115,Piʻiholo,RF_1_Tot300s,2023-03-04 06:15:00+00,0,0
0115,Piʻiholo,RF_1_Tot300s,2023-03-04 06:20:00+00,0.513,0
0115,Piʻiholo,RF_1_Tot300s,2023-03-04 06:25:00+00,0,0
0115,Piʻiholo,RF_1_Tot300s,2023-03-04 06:30:00+00,0,0
0115,Piʻiholo,RF_1_Tot300s,2023-03-04 06:35:00+00,0,0
0115,Piʻiholo,RF_1_Tot300s,2023-03-04 06:40:00+00,0,0
0115,Piʻiholo,RF_1_Tot300s,2023-03-04 06:45:00+00,0,0
0115,Piʻiholo,RF_1_Tot300s,2023-03-04 06:50:00+00,0,0
0115,Piʻiholo,RF_1_Tot300s,2023-03-04 06:55:00+00,0.257,0
0115,Piʻiholo,RF_1_Tot300s,2023-03-04 07:00:00+00,2.828,0
0115,Piʻiholo,RF_1_Tot300s,2023-03-04 07:05:00+00,0.77,0
0115,Piʻiholo,RF_1_Tot300s,2023-03-04 07:10:00+00,0,0
0115,Piʻiholo,RF_1_Tot300s,2023-03-04 07:15:00+00,0,0
0115,Piʻiholo,RF_1_Tot300s,2023-03-04 07:20:00+00,0,0
0115,Piʻiholo,RF_1_Tot300s,2023-03-04 07:25:00+00,0,0
0115,Piʻiholo,RF_1_Tot300s,2023-03-04 07:30:00+00,0,0
0115,Piʻiholo,RF_1_Tot300s,2023-03-04 07:35:00+00,0,0
0115,Piʻiholo,RF_1_Tot300s,2023-03-04 07:40:00+00,0,0
0115,Piʻiholo,RF_1_Tot300s,2023-03-04 07:45:00+00,0,0
0115,Piʻiholo,RF_1_Tot300s,2023-03-04 07:50:00+00,0,0
0115,Piʻiholo,RF_1_Tot300s,2023-03-04 07:55:00+00,0,0
0115,Piʻiholo,RF_1_Tot300s,2023-03-04 08:00:00+00,0,0
0115,Piʻiholo,RF_1_Tot300s,2023-03-04 08:05:00+00,0,0
0115,Piʻiholo,RF_1_Tot300s,2023-03-04 08:10:00+00,0,0
0115,Piʻiholo,RF_1_Tot300s,2023-03-04 08:15:00+00,0,0
0115,Piʻiholo,RF_1_Tot300s,2023-03-04 08:20:00+00,0,0
0115,Piʻiholo,RF_1_Tot300s,2023-03-04 08:25:00+00,0,0
0115,Piʻiholo,RF_1_Tot300s,2023-03-04 08:30:00+00,0,0
0115,Piʻiholo,RF_1_Tot300s,2023-03-04 08:35:00+00,0,0
0115,Piʻiholo,RF_1_Tot300s,2023-03-04 08:40:00+00,0,0
0115,Piʻiholo,RF_1_Tot300s,2023-03-04 08:45:00+00,0,0
0115,Piʻiholo,RF_1_Tot300s,2023-03-04 08:50:00+00,0,0
0115,Piʻiholo,RF_1_Tot300s,2023-03-04 08:55:00+00,0,0
0115,Piʻiholo,RF_1_Tot300s,2023-03-04 09:00:00+00,0,0
0115,Piʻiholo,RF_1_Tot300s,2023-03-04 09:05:00+00,0,0
0115,Piʻiholo,RF_1_Tot300s,2023-03-04 09:10:00+00,0,0
0115,Piʻiholo,RF_1_Tot300s,2023-03-04 09:15:00+00,0,0
0115,Piʻiholo,RF_1_Tot300s,2023-03-04 09:20:00+00,0,0
0115,Piʻiholo,RF_1_Tot300s,2023-03-04 09:25:00+00,0,0
0115,Piʻiholo,RF_1_Tot300s,2023-03-04 09:30:00+00,0,0
0115,Piʻiholo,RF_1_Tot300s,2023-03-04 09:35:00+00,0,0
0115,Piʻiholo,RF_1_Tot300s,2023-03-04 09:40:00+00,0,0
0115,Piʻiholo,RF_1_Tot300s,2023-03-04 09:45:00+00,0,0
0115,Piʻiholo,RF_1_Tot300s,2023-03-04 09:50:00+00,0,0
0115,Piʻiholo,RF_1_Tot300s,2023-03-04 09:55:00+00,0,0
0115,Piʻiholo,RF_1_Tot300s,2023-03-04 10:00:00+00,0,0
0115,Piʻiholo,RF_1_Tot300s,2023-03-04 10:05:00+00,0,0
0115,Piʻiholo,RF_1_Tot300s,2023-03-04 10:10:00+00,0,0
0115,Piʻiholo,RF_1_Tot300s,2023-03-04 10:15:00+00,0,0
0115,Piʻiholo,RF_1_Tot300s,2023-03-04 10:20:00+00,0,0
0115,Piʻiholo,RF_1_Tot300s,2023-03-04 10:25:00+00,0,0
0115,Piʻiholo,RF_1_Tot300s,2023-03-04 10:30:00+00,0,0
0115,Piʻiholo,RF_1_Tot300s,2023-03-04 10:35:00+00,0,0
0115,Piʻiholo,RF_1_Tot300s,2023-03-04 10:40:00+00,0,0
0115,Piʻiholo,RF_1_Tot300s,2023-03-04 10:45:00+00,0,0
0115,Piʻiholo,RF_1_Tot300s,2023-03-04 10:50:00+00,0,0
0115,Piʻiholo,RF_1_Tot300s,2023-03-04 10:55:00+00,0,0
0115,Piʻiholo,RF_1_Tot300s,2023-03-04 11:00:00+00,0,0
0115,Piʻiholo,RF_1_Tot300s,2023-03-04 11:05:00+00,0,0
0115,Piʻiholo,RF_1_Tot300s,2023-03-04 11:10:00+00,0,0
0115,Piʻiholo,RF_1_Tot300s,2023-03-04 11:15:00+00,0,0
0115,Piʻiholo,RF_1_Tot300s,2023-03-04 11:20:00+00,0,0
0115,Piʻiholo,RF_1_Tot300s,2023-03-04 11:25:00+00,0.257,0
0115,Piʻiholo,RF_1_Tot300s,2023-03-04 11:30:00+00,0,0
0115,Piʻiholo,RF_1_Tot300s,2023-03-04 11:35:00+00,0,0
0115,Piʻiholo,RF_1_Tot300s,2023-03-04 11:40:00+00,0,0
0115,Piʻiholo,RF_1_Tot300s,2023-03-04 11:45:00+00,0,0
0115,Piʻiholo,RF_1_Tot300s,2023-03-04 11:50:00+00,0,0
0115,Piʻiholo,RF_1_Tot300s,2023-03-04 11:55:00+00,0,0
0115,Piʻiholo,RF_1_Tot300s,2023-03-04 12:00:00+00,0,0
0115,Piʻiholo,RF_1_Tot300s,2023-03-04 12:05:00+00,0,0
0115,Piʻiholo,RF_1_Tot300s,2023-03-04 12:10:00+00,0,0
0115,Piʻiholo,RF_1_Tot300s,2023-03-04 12:15:00+00,0,0
0115,Piʻiholo,RF_1_Tot300s,2023-03-04 12:20:00+00,0,0
0115,Piʻiholo,RF_1_Tot300s,2023-03-04 12:25:00+00,0,0
0115,Piʻiholo,RF_1_Tot300s,2023-03-04 12:30:00+00,0,0
0115,Piʻiholo,RF_1_Tot300s,2023-03-04 12:35:00+00,0,0
0115,Piʻiholo,RF_1_Tot300s,2023-03-04 12:40:00+00,0,0
0115,Piʻiholo,RF_1_Tot300s,2023-03-04 12:45:00+00,0,0
0115,Piʻiholo,RF_1_Tot300s,2023-03-04 12:50:00+00,0,0
0115,Piʻiholo,RF_1_Tot300s,2023-03-04 12:55:00+00,0,0
0115,Piʻiholo,RF_1_Tot300s,2023-03-04 13:00:00+00,0,0
0115,Piʻiholo,RF_1_Tot300s,2023-03-04 13:05:00+00,0,0
0115,Piʻiholo,RF_1_Tot300s,2023-03-04 13:10:00+00,0,0
0115,Piʻiholo,RF_1_Tot300s,2023-03-04 13:15:00+00,0,0
0115,Piʻiholo,RF_1_Tot300s,2023-03-04 13:20:00+00,0,0
0115,Piʻiholo,RF_1_Tot300s,2023-03-04 13:25:00+00,0,0
0115,Piʻiholo,RF_1_Tot300s,2023-03-04 13:30:00+00,0,0
0115,Piʻiholo,RF_1_Tot300s,2023-03-04 13:35:00+00,0,0
0115,Piʻiholo,RF_1_Tot300s,2023-03-04 13:40:00+00,0,0
0115,Piʻiholo,RF_1_Tot300s,2023-03-04 13:45:00+00,0,0
0115,Piʻiholo,RF_1_Tot300s,2023-03-04 13:50:00+00,0,0
0115,Piʻiholo,RF_1_Tot300s,2023-03-04 13:55:00+00,0,0
0115,Piʻiholo,RF_1_Tot300s,2023-03-04 14:00:00+00,0,0
0115,Piʻiholo,RF_1_Tot300s,2023-03-04 14:05:00+00,0,0
0115,Piʻiholo,RF_1_Tot300s,2023-03-04 14:10:00+00,0,0
0115,Piʻiholo,RF_1_Tot300s,2023-03-04 14:15:00+00,0,0
0115,Piʻiholo,RF_1_Tot300s,2023-03-04 14:20:00+00,0,0
0115,Piʻiholo,RF_1_Tot300s,2023-03-04 14:25:00+00,0,0
0115,Piʻiholo,RF_1_Tot300s,2023-03-04 14:30:00+00,0,0
0115,Piʻiholo,RF_1_Tot300s,2023-03-04 14:35:00+00,0,0
0115,Piʻiholo,RF_1_Tot300s,2023-03-04 14:40:00+00,0,0
0115,Piʻiholo,RF_1_Tot300s,2023-03-04 14:45:00+00,0,0
0115,Piʻiholo,RF_1_Tot300s,2023-03-04 14:50:00+00,0,0
0115,Piʻiholo,RF_1_Tot300s,2023-03-04 14:55:00+00,0,0
0115,Piʻiholo,RF_1_Tot300s,2023-03-04 15:00:00+00,0,0
0115,Piʻiholo,RF_1_Tot300s,2023-03-04 15:05:00+00,0,0
0115,Piʻiholo,RF_1_Tot300s,2023-03-04 15:10:00+00,0,0
0115,Piʻiholo,RF_1_Tot300s,2023-03-04 15:15:00+00,0,0
0115,Piʻiholo,RF_1_Tot300s,2023-03-04 15:20:00+00,0,0
0115,Piʻiholo,RF_1_Tot300s,2023-03-04 15:25:00+00,0,0
0115,Piʻiholo,RF_1_Tot300s,2023-03-04 15:30:00+00,0,0
0115,Piʻiholo,RF_1_Tot300s,2023-03-04 15:35:00+00,0,0
0115,Piʻiholo,RF_1_Tot300s,2023-03-04 15:40:00+00,0,0
0115,Piʻiholo,RF_1_Tot300s,2023-03-04 15:45:00+00,0,0
0115,Piʻiholo,RF_1_Tot300s,2023-03-04 15:50:00+00,0,0
0115,Piʻiholo,RF_1_Tot300s,2023-03-04 15:55:00+00,0,0
0115,Piʻiholo,RF_1_Tot300s,2023-03-04 16:00:00+00,0,0
0115,Piʻiholo,RF_1_Tot300s,2023-03-04 16:05:00+00,0,0
0115,Piʻiholo,RF_1_Tot300s,2023-03-04 16:10:00+00,0,0
0115,Piʻiholo,RF_1_Tot300s,2023-03-04 16:15:00+00,0,0
0115,Piʻiholo,RF_1_Tot300s,2023-03-04 16:20:00+00,0,0
0115,Piʻiholo,RF_1_Tot300s,2023-03-04 16:25:00+00,0,0
0115,Piʻiholo,RF_1_Tot300s,2023-03-04 16:30:00+00,0,0
0115,Piʻiholo,RF_1_Tot300s,2023-03-04 16:35:00+00,0,0
0115,Piʻiholo,RF_1_Tot300s,2023-03-04 16:40:00+00,0,0
0115,Piʻiholo,RF_1_Tot300s,2023-03-04 16:45:00+00,0,0
0115,Piʻiholo,RF_1_Tot300s,2023-03-04 16:50:00+00,0,0
0115,Piʻiholo,RF_1_Tot300s,2023-03-04 16:55:00+00,0,0
0115,Piʻiholo,RF_1_Tot300s,2023-03-04 17:00:00+00,0,0
0115,Piʻiholo,RF_1_Tot300s,2023-03-04 17:05:00+00,0,0
0115,Piʻiholo,RF_1_Tot300s,2023-03-04 17:10:00+00,0,0
0115,Piʻiholo,RF_1_Tot300s,2023-03-04 17:15:00+00,0,0
0115,Piʻiholo,RF_1_Tot300s,2023-03-04 17:20:00+00,0,0
0115,Piʻiholo,RF_1_Tot300s,2023-03-04 17:25:00+00,0,0
0115,Piʻiholo,RF_1_Tot300s,2023-03-04 17:30:00+00,0,0
0115,Piʻiholo,RF_1_Tot300s,2023-03-04 17:35:00+00,0,0
0115,Piʻiholo,RF_1_Tot300s,2023-03-04 17:40:00+00,0,0
0115,Piʻiholo,RF_1_Tot300s,2023-03-04 17:45:00+00,0,0
0115,Piʻiholo,RF_1_Tot300s,2023-03-04 17:50:00+00,0,0
0115,Piʻiholo,RF_1_Tot300s,2023-03-04 17:55:00+00,0,0
0115,Piʻiholo,RF_1_Tot300s,2023-03-04 18:00:00+00,0,0
0115,Piʻiholo,RF_1_Tot300s,2023-03-04 18:05:00+00,0,0
0115,Piʻiholo,RF_1_Tot300s,2023-03-04 18:10:00+00,0,0
0115,Piʻiholo,RF_1_Tot300s,2023-03-04 18:15:00+00,0,0
0115,Piʻiholo,RF_1_Tot300s,2023-03-04 18:20:00+00,0,0
0115,Piʻiholo,RF_1_Tot300s,2023-03-04 18:25:00+00,0,0
0115,Piʻiholo,RF_1_Tot300s,2023-03-04 18:30:00+00,0,0
0115,Piʻiholo,RF_1_Tot300s,2023-03-04 18:35:00+00,0,0
0115,Piʻiholo,RF_1_Tot300s,2023-03-04 18:40:00+00,0,0
0115,Piʻiholo,RF_1_Tot300s,2023-03-04 18:45:00+00,0,0
0115,Piʻiholo,RF_1_Tot300s,2023-03-04 18:50:00+00,0,0
0115,Piʻiholo,RF_1_Tot300s,2023-03-04 18:55:00+00,0,0
0115,Piʻiholo,RF_1_Tot300s,2023-03-04 19:00:00+00,0,0
0115,Piʻiholo,RF_1_Tot300s,2023-03-04 19:05:00+00,0,0
0115,Piʻiholo,RF_1_Tot300s,2023-03-04 19:10:00+00,0,0
0115,Piʻiholo,RF_1_Tot300s,2023-03-04 19:15:00+00,0,0
0115,Piʻiholo,RF_1_Tot300s,2023-03-04 19:20:00+00,0,0
0115,Piʻiholo,RF_1_Tot300s,2023-03-04 19:25:00+00,0,0
0115,Piʻiholo,RF_1_Tot300s,2023-03-04 19:30:00+00,0,0
0115,Piʻiholo,RF_1_Tot300s,2023-03-04 19:35:00+00,0,0
0115,Piʻiholo,RF_1_Tot300s,2023-03-04 19:40:00+00,0,0
0115,Piʻiholo,RF_1_Tot300s,2023-03-04 19:45:00+00,0,0
0115,Piʻiholo,RF_1_Tot300s,2023-03-04 19:50:00+00,0,0
0115,Piʻiholo,RF_1_Tot300s,2023-03-04 19:55:00+00,0,0
0115,Piʻiholo,RF_1_Tot300s,2023-03-04 20:00:00+00,0,0
0115,Piʻiholo,RF_1_Tot300s,2023-03-04 20:05:00+00,0,0
0115,Piʻiholo,RF_1_Tot300s,2023-03-04 20:10:00+00,0,0
0115,Piʻiholo,RF_1_Tot300s,2023-03-04 20:15:00+00,0,0
0115,Piʻiholo,RF_1_Tot300s,2023-03-04 20:20:00+00,0,0
0115,Piʻiholo,RF_1_Tot300s,2023-03-04 20:25:00+00,0,0
0115,Piʻiholo,RF_1_Tot300s,2023-03-04 20:30:00+00,0,0
0115,Piʻiholo,RF_1_Tot300s,2023-03-04 20:35:00+00,0,0
0115,Piʻiholo,RF_1_Tot300s,2023-03-04 20:40:00+00,0,0
0115,Piʻiholo,RF_1_Tot300s,2023-03-04 20:45:00+00,0,0
0115,Piʻiholo,RF_1_Tot300s,2023-03-04 20:50:00+00,0,0
0115,Piʻiholo,RF_1_Tot300s,2023-03-04 20:55:00+00,0,0
0115,Piʻiholo,RF_1_Tot300s,2023-03-04 21:00:00+00,0,0
0115,Piʻiholo,RF_1_Tot300s,2023-03-04 21:05:00+00,0,0
0115,Piʻiholo,RF_1_Tot300s,2023-03-04 21:10:00+00,0,0
0115,Piʻiholo,RF_1_Tot300s,2023-03-04 21:15:00+00,0,0
0115,Piʻiholo,RF_1_Tot300s,2023-03-04 21:20:00+00,0,0
0115,Piʻiholo,RF_1_Tot300s,2023-03-04 21:25:00+00,0,0
0115,Piʻiholo,RF_1_Tot300s,2023-03-04 21:30:00+00,0,0
0115,Piʻiholo,RF_1_Tot300s,2023-03-04 21:35:00+00,0,0
0115,Piʻiholo,RF_1_Tot300s,2023-03-04 21:40:00+00,0,0
0115,Piʻiholo,RF_1_Tot300s,2023-03-04 21:45:00+00,0,0
0115,Piʻiholo,RF_1_Tot300s,2023-03-04 21:50:00+00,0,0
0115,Piʻiholo,RF_1_Tot300s,2023-03-04 21:55:00+00,0,0
0115,Piʻiholo,RF_1_Tot300s,2023-03-04 22:00:00+00,0.257,0
0115,Piʻiholo,RF_1_Tot300s,2023-03-04 22:05:00+00,0.513,0
0115,Piʻiholo,RF_1_Tot300s,2023-03-04 22:10:00+00,0.77,0
0115,Piʻiholo,RF_1_Tot300s,2023-03-04 22:15:00+00,0.513,0
0115,Piʻiholo,RF_1_Tot300s,2023-03-04 22:20:00+00,0,0
0115,Piʻiholo,RF_1_Tot300s,2023-03-04 22:25:00+00,0.257,0
0115,Piʻiholo,RF_1_Tot300s,2023-03-04 22:30:00+00,0.257,0
0115,Piʻiholo,RF_1_Tot300s,2023-03-04 22:35:00+00,0.257,0
0115,Piʻiholo,RF_1_Tot300s,2023-03-04 22:40:00+00,0.257,0
0115,Piʻiholo,RF_1_Tot300s,2023-03-04 22:45:00+00,0.257,0
0115,Piʻiholo,RF_1_Tot300s,2023-03-04 22:50:00+00,0,0
0115,Piʻiholo,RF_1_Tot300s,2023-03-04 22:55:00+00,0,0
0115,Piʻiholo,RF_1_Tot300s,2023-03-04 23:00:00+00,0,0
0115,Piʻiholo,RF_1_Tot300s,2023-03-04 23:05:00+00,0.257,0
0115,Piʻiholo,RF_1_Tot300s,2023-03-04 23:10:00+00,0,0
0115,Piʻiholo,RF_1_Tot300s,2023-03-04 23:15:00+00,0,0
0115,Piʻiholo,RF_1_Tot300s,2023-03-04 23:20:00+00,0,0
0115,Piʻiholo,RF_1_Tot300s,2023-03-04 23:25:00+00,0,0
0115,Piʻiholo,RF_1_Tot300s,2023-03-04 23:30:00+00,0,0
0115,Piʻiholo,RF_1_Tot300s,2023-03-04 23:35:00+00,0,0
0115,Piʻiholo,RF_1_Tot300s,2023-03-04 23:40:00+00,0,0
0115,Piʻiholo,RF_1_Tot300s,2023-03-04 23:45:00+00,0,0
0115,Piʻiholo,RF_1_Tot300s,2023-03-04 23:50:00+00,0,0
0115,Piʻiholo,RF_1_Tot300s,2023-03-04 23:55:00+00,0,0
0115,Piʻiholo,RF_1_Tot300s,2023-03-05 00:00:00+00,0,0
0115,Piʻiholo,RF_1_Tot300s,2023-03-05 00:05:00+00,0,0
0115,Piʻiholo,RF_1_Tot300s,2023-03-05 00:10:00+00,0.257,0
0115,Piʻiholo,RF_1_Tot300s,2023-03-05 00:15:00+00,0,0
0115,Piʻiholo,RF_1_Tot300s,2023-03-05 00:20:00+00,0,0
0115,Piʻiholo,RF_1_Tot300s,2023-03-05 00:25:00+00,0,0
0115,Piʻiholo,RF_1_Tot300s,2023-03-05 00:30:00+00,0,0
0115,Piʻiholo,RF_1_Tot300s,2023-03-05 00:35:00+00,0,0
0115,Piʻiholo,RF_1_Tot300s,2023-03-05 00:40:00+00,0,0
0115,Piʻiholo,RF_1_Tot300s,2023-03-05 00:45:00+00,0,0
0115,Piʻiholo,RF_1_Tot300s,2023-03-05 00:50:00+00,0,0
0115,Piʻiholo,RF_1_Tot300s,2023-03-05 00:55:00+00,0,0
0115,Piʻiholo,RF_1_Tot300s,2023-03-05 01:00:00+00,0,0
0115,Piʻiholo,RF_1_Tot300s,2023-03-05 01:05:00+00,0,0
0115,Piʻiholo,RF_1_Tot300s,2023-03-05 01:10:00+00,0,0
0115,Piʻiholo,RF_1_Tot300s,2023-03-05 01:15:00+00,0.257,0
0115,Piʻiholo,RF_1_Tot300s,2023-03-05 01:20:00+00,0,0
0115,Piʻiholo,RF_1_Tot300s,2023-03-05 01:25:00+00,0,0
0115,Piʻiholo,RF_1_Tot300s,2023-03-05 01:30:00+00,0.257,0
0115,Piʻiholo,RF_1_Tot300s,2023-03-05 01:35:00+00,0,0
0115,Piʻiholo,RF_1_Tot300s,2023-03-05 01:40:00+00,0,0
0115,Piʻiholo,RF_1_Tot300s,2023-03-05 01:45:00+00,0,0
0115,Piʻiholo,RF_1_Tot300s,2023-03-05 01:50:00+00,0.257,0
0115,Piʻiholo,RF_1_Tot300s,2023-03-05 01:55:00+00,0.257,0
0115,Piʻiholo,RF_1_Tot300s,2023-03-05 02:00:00+00,0,0
0115,Piʻiholo,RF_1_Tot300s,2023-03-05 02:05:00+00,0.257,0
0115,Piʻiholo,RF_1_Tot300s,2023-03-05 02:10:00+00,0,0
0115,Piʻiholo,RF_1_Tot300s,2023-03-05 02:15:00+00,0,0
0115,Piʻiholo,RF_1_Tot300s,2023-03-05 02:20:00+00,0,0
0115,Piʻiholo,RF_1_Tot300s,2023-03-05 02:25:00+00,0,0
0115,Piʻiholo,RF_1_Tot300s,2023-03-05 02:30:00+00,0,0
0115,Piʻiholo,RF_1_Tot300s,2023-03-05 02:35:00+00,0,0
0115,Piʻiholo,RF_1_Tot300s,2023-03-05 02:40:00+00,0,0
0115,Piʻiholo,RF_1_Tot300s,2023-03-05 02:45:00+00,0,0
0115,Piʻiholo,RF_1_Tot300s,2023-03-05 02:50:00+00,0,0
0115,Piʻiholo,RF_1_Tot300s,2023-03-05 02:55:00+00,0,0
0115,Piʻiholo,RF_1_Tot300s,2023-03-05 03:00:00+00,0,0
0115,Piʻiholo,RF_1_Tot300s,2023-03-05 03:05:00+00,0,0
0115,Piʻiholo,RF_1_Tot300s,2023-03-05 03:10:00+00,0,0
0115,Piʻiholo,RF_1_Tot300s,2023-03-05 03:15:00+00,0,0
0115,Piʻiholo,RF_1_Tot300s,2023-03-05 03:20:00+00,0,0
0115,Piʻiholo,RF_1_Tot300s,2023-03-05 03:25:00+00,0,0
0115,Piʻiholo,RF_1_Tot300s,2023-03-05 03:30:00+00,0,0
0115,Piʻiholo,RF_1_Tot300s,2023-03-05 03:35:00+00,0,0
0115,Piʻiholo,RF_1_Tot300s,2023-03-05 03:40:00+00,0,0
0115,Piʻiholo,RF_1_Tot300s,2023-03-05 03:45:00+00,0,0
0115,Piʻiholo,RF_1_Tot300s,2023-03-05 03:50:00+00,0,0
0115,Piʻiholo,RF_1_Tot300s,2023-03-05 03:55:00+00,0,0
0115,Piʻiholo,RF_1_Tot300s,2023-03-05 04:00:00+00,0,0
0115,Piʻiholo,RF_1_Tot300s,2023-03-05 04:05:00+00,0,0
0115,Piʻiholo,RF_1_Tot300s,2023-03-05 04:10:00+00,0,0
0115,Piʻiholo,RF_1_Tot300s,2023-03-05 04:15:00+00,0,0
0115,Piʻiholo,RF_1_Tot300s,2023-03-05 04:20:00+00,0,0
0115,Piʻiholo,RF_1_Tot300s,2023-03-05 04:25:00+00,0,0
0115,Piʻiholo,RF_1_Tot300s,2023-03-05 04:30:00+00,0,0
0115,Piʻiholo,RF_1_Tot300s,2023-03-05 04:35:00+00,0,0
0115,Piʻiholo,RF_1_Tot300s,2023-03-05 04:40:00+00,0,0
0115,Piʻiholo,RF_1_Tot300s,2023-03-05 04:45:00+00,0,0
0115,Piʻiholo,RF_1_Tot300s,2023-03-05 04:50:00+00,0,0
0115,Piʻiholo,RF_1_Tot300s,2023-03-05 04:55:00+00,0,0
0115,Piʻiholo,RF_1_Tot300s,2023-03-05 05:00:00+00,0,0
0115,Piʻiholo,RF_1_Tot300s,2023-03-05 05:05:00+00,0,0
0115,Piʻiholo,RF_1_Tot300s,2023-03-05 05:10:00+00,0,0
0115,Piʻiholo,RF_1_Tot300s,2023-03-05 05:15:00+00,0,0
0115,Piʻiholo,RF_1_Tot300s,2023-03-05 05:20:00+00,0,0
0115,Piʻiholo,RF_1_Tot300s,2023-03-05 05:25:00+00,0,0
0115,Piʻiholo,RF_1_Tot300s,2023-03-05 05:30:00+00,0,0
0115,Piʻiholo,RF_1_Tot300s,2023-03-05 05:35:00+00,0,0
0115,Piʻiholo,RF_1_Tot300s,2023-03-05 05:40:00+00,0,0
0115,Piʻiholo,RF_1_Tot300s,2023-03-05 05:45:00+00,0,0
0115,Piʻiholo,RF_1_Tot300s,2023-03-05 05:50:00+00,0,0
0115,Piʻiholo,RF_1_Tot300s,2023-03-05 05:55:00+00,0,0
0115,Piʻiholo,RF_1_Tot300s,2023-03-05 06:00:00+00,0,0
0115,Piʻiholo,RF_1_Tot300s,2023-03-05 06:05:00+00,0,0
0115,Piʻiholo,RF_1_Tot300s,2023-03-05 06:10:00+00,0,0
0115,Piʻiholo,RF_1_Tot300s,2023-03-05 06:15:00+00,0,0
0115,Piʻiholo,RF_1_Tot300s,2023-03-05 06:20:00+00,0,0
0115,Piʻiholo,RF_1_Tot300s,2023-03-05 06:25:00+00,0,0
0115,Piʻiholo,RF_1_Tot300s,2023-03-05 06:30:00+00,0,0
0115,Piʻiholo,RF_1_Tot300s,2023-03-05 06:35:00+00,0,0
0115,Piʻiholo,RF_1_Tot300s,2023-03-05 06:40:00+00,0,0
0115,Piʻiholo,RF_1_Tot300s,2023-03-05 06:45:00+00,0,0
0115,Piʻiholo,RF_1_Tot300s,2023-03-05 06:50:00+00,0,0
0115,Piʻiholo,RF_1_Tot300s,2023-03-05 06:55:00+00,0,0
0115,Piʻiholo,RF_1_Tot300s,2023-03-05 07:00:00+00,0,0
0115,Piʻiholo,RF_1_Tot300s,2023-03-05 07:05:00+00,0,0
0115,Piʻiholo,RF_1_Tot300s,2023-03-05 07:10:00+00,0,0
0115,Piʻiholo,RF_1_Tot300s,2023-03-05 07:15:00+00,0,0
0115,Piʻiholo,RF_1_Tot300s,2023-03-05 07:20:00+00,0,0
0115,Piʻiholo,RF_1_Tot300s,2023-03-05 07:25:00+00,0,0
0115,Piʻiholo,RF_1_Tot300s,2023-03-05 07:30:00+00,0,0
0115,Piʻiholo,RF_1_Tot300s,2023-03-05 07:35:00+00,0,0
0115,Piʻiholo,RF_1_Tot300s,2023-03-05 07:40:00+00,0,0
0115,Piʻiholo,RF_1_Tot300s,2023-03-05 07:45:00+00,0,0
0115,Piʻiholo,RF_1_Tot300s,2023-03-05 07:50:00+00,0,0
0115,Piʻiholo,RF_1_Tot300s,2023-03-05 07:55:00+00,0,0
0115,Piʻiholo,RF_1_Tot300s,2023-03-05 08:00:00+00,0,0
0115,Piʻiholo,RF_1_Tot300s,2023-03-05 08:05:00+00,0,0
0115,Piʻiholo,RF_1_Tot300s,2023-03-05 08:10:00+00,0,0
0115,Piʻiholo,RF_1_Tot300s,2023-03-05 08:15:00+00,0,0
0115,Piʻiholo,RF_1_Tot300s,2023-03-05 08:20:00+00,0,0
0115,Piʻiholo,RF_1_Tot300s,2023-03-05 08:25:00+00,0,0
0115,Piʻiholo,RF_1_Tot300s,2023-03-05 08:30:00+00,0,0
0115,Piʻiholo,RF_1_Tot300s,2023-03-05 08:35:00+00,0,0
0115,Piʻiholo,RF_1_Tot300s,2023-03-05 08:40:00+00,0,0
0115,Piʻiholo,RF_1_Tot300s,2023-03-05 08:45:00+00,0,0
0115,Piʻiholo,RF_1_Tot300s,2023-03-05 08:50:00+00,0,0
0115,Piʻiholo,RF_1_Tot300s,2023-03-05 08:55:00+00,0,0
0115,Piʻiholo,RF_1_Tot300s,2023-03-05 09:00:00+00,0,0
0115,Piʻiholo,RF_1_Tot300s,2023-03-05 09:05:00+00,0,0
0115,Piʻiholo,RF_1_Tot300s,2023-03-05 09:10:00+00,0,0
0115,Piʻiholo,RF_1_Tot300s,2023-03-05 09:15:00+00,0,0
0115,Piʻiholo,RF_1_Tot300s,2023-03-05 09:20:00+00,0,0
0115,Piʻiholo,RF_1_Tot300s,2023-03-05 09:25:00+00,0,0
0115,Piʻiholo,RF_1_Tot300s,2023-03-05 09:30:00+00,0,0
0115,Piʻiholo,RF_1_Tot300s,2023-03-05 09:35:00+00,0,0
0115,Piʻiholo,RF_1_Tot300s,2023-03-05 09:40:00+00,0,0
0115,Piʻiholo,RF_1_Tot300s,2023-03-05 09:45:00+00,0,0
0115,Piʻiholo,RF_1_Tot300s,2023-03-05 09:50:00+00,0,0
0115,Piʻiholo,RF_1_Tot300s,2023-03-05 09:55:00+00,0,0
0115,Piʻiholo,RF_1_Tot300s,2023-03-05 10:00:00+00,0,0
0115,Piʻiholo,RF_1_Tot300s,2023-03-05 10:05:00+00,0,0
0115,Piʻiholo,RF_1_Tot300s,2023-03-05 10:10:00+00,0,0
0115,Piʻiholo,RF_1_Tot300s,2023-03-05 10:15:00+00,0,0
0115,Piʻiholo,RF_1_Tot300s,2023-03-05 10:20:00+00,0,0
0115,Piʻiholo,RF_1_Tot300s,2023-03-05 10:25:00+00,0,0
0115,Piʻiholo,RF_1_Tot300s,2023-03-05 10:30:00+00,0,0
0115,Piʻiholo,RF_1_Tot300s,2023-03-05 10:35:00+00,0,0
0115,Piʻiholo,RF_1_Tot300s,2023-03-05 10:40:00+00,0,0
0115,Piʻiholo,RF_1_Tot300s,2023-03-05 10:45:00+00,0,0
0115,Piʻiholo,RF_1_Tot300s,2023-03-05 10:50:00+00,0,0
0115,Piʻiholo,RF_1_Tot300s,2023-03-05 10:55:00+00,0,0
0115,Piʻiholo,RF_1_Tot300s,2023-03-05 11:00:00+00,0,0
0115,Piʻiholo,RF_1_Tot300s,2023-03-05 11:05:00+00,0,0
0115,Piʻiholo,RF_1_Tot300s,2023-03-05 11:10:00+00,0,0
0115,Piʻiholo,RF_1_Tot300s,2023-03-05 11:15:00+00,0,0
0115,Piʻiholo,RF_1_Tot300s,2023-03-05 11:20:00+00,0,0
0115,Piʻiholo,RF_1_Tot300s,2023-03-05 11:25:00+00,0,0
0115,Piʻiholo,RF_1_Tot300s,2023-03-05 11:30:00+00,0,0
0115,Piʻiholo,RF_1_Tot300s,2023-03-05 11:35:00+00,0,0
0115,Piʻiholo,RF_1_Tot300s,2023-03-05 11:40:00+00,0,0
0115,Piʻiholo,RF_1_Tot300s,2023-03-05 11:45:00+00,0,0
0115,Piʻiholo,RF_1_Tot300s,2023-03-05 11:50:00+00,0,0
0115,Piʻiholo,RF_1_Tot300s,2023-03-05 11:55:00+00,0,0
0115,Piʻiholo,RF_1_Tot300s,2023-03-05 12:00:00+00,0,0
0115,Piʻiholo,RF_1_Tot300s,2023-03-05 12:05:00+00,0,0
0115,Piʻiholo,RF_1_Tot300s,2023-03-05 12:10:00+00,0,0
0115,Piʻiholo,RF_1_Tot300s,2023-03-05 12:15:00+00,0,0
0115,Piʻiholo,RF_1_Tot300s,2023-03-05 12:20:00+00,0,0
0115,Piʻiholo,RF_1_Tot300s,2023-03-05 12:25:00+00,0,0
0115,Piʻiholo,RF_1_Tot300s,2023-03-05 12:30:00+00,0,0
0115,Piʻiholo,RF_1_Tot300s,2023-03-05 12:35:00+00,0,0
0115,Piʻiholo,RF_1_Tot300s,2023-03-05 12:40:00+00,0,0
0115,Piʻiholo,RF_1_Tot300s,2023-03-05 12:45:00+00,0,0
0115,Piʻiholo,RF_1_Tot300s,2023-03-05 12:50:00+00,0,0
0115,Piʻiholo,RF_1_Tot300s,2023-03-05 12:55:00+00,0,0
0115,Piʻiholo,RF_1_Tot300s,2023-03-05 13:00:00+00,0,0
0115,Piʻiholo,RF_1_Tot300s,2023-03-05 13:05:00+00,0,0
0115,Piʻiholo,RF_1_Tot300s,2023-03-05 13:10:00+00,0,0
0115,Piʻiholo,RF_1_Tot300s,2023-03-05 13:15:00+00,0,0
0115,Piʻiholo,RF_1_Tot300s,2023-03-05 13:20:00+00,0,0
0115,Piʻiholo,RF_1_Tot300s,2023-03-05 13:25:00+00,0,0
0115,Piʻiholo,RF_1_Tot300s,2023-03-05 13:30:00+00,0,0
0115,Piʻiholo,RF_1_Tot300s,2023-03-05 13:35:00+00,0,0
0115,Piʻiholo,RF_1_Tot300s,2023-03-05 13:40:00+00,0,0
0115,Piʻiholo,RF_1_Tot300s,2023-03-05 13:45:00+00,0,0
0115,Piʻiholo,RF_1_Tot300s,2023-03-05 13:50:00+00,0,0
0115,Piʻiholo,RF_1_Tot300s,2023-03-05 13:55:00+00,0,0
0115,Piʻiholo,RF_1_Tot300s,2023-03-05 14:00:00+00,0,0
0115,Piʻiholo,RF_1_Tot300s,2023-03-05 14:05:00+00,0,0
0115,Piʻiholo,RF_1_Tot300s,2023-03-05 14:10:00+00,0,0
0115,Piʻiholo,RF_1_Tot300s,2023-03-05 14:15:00+00,0,0
0115,Piʻiholo,RF_1_Tot300s,2023-03-05 14:20:00+00,0,0
0115,Piʻiholo,RF_1_Tot300s,2023-03-05 14:25:00+00,0,0
0115,Piʻiholo,RF_1_Tot300s,2023-03-05 14:30:00+00,0,0
0115,Piʻiholo,RF_1_Tot300s,2023-03-05 14:35:00+00,0,0
0115,Piʻiholo,RF_1_Tot300s,2023-03-05 14:40:00+00,0,0
0115,Piʻiholo,RF_1_Tot300s,2023-03-05 14:45:00+00,0,0
0115,Piʻiholo,RF_1_Tot300s,2023-03-05 14:50:00+00,0,0
0115,Piʻiholo,RF_1_Tot300s,2023-03-05 14:55:00+00,0,0
0115,Piʻiholo,RF_1_Tot300s,2023-03-05 15:00:00+00,0,0
0115,Piʻiholo,RF_1_Tot300s,2023-03-05 15:05:00+00,0,0
0115,Piʻiholo,RF_1_Tot300s,2023-03-05 15:10:00+00,0,0
0115,Piʻiholo,RF_1_Tot300s,2023-03-05 15:15:00+00,0,0
0115,Piʻiholo,RF_1_Tot300s,2023-03-05 15:20:00+00,0,0
0115,Piʻiholo,RF_1_Tot300s,2023-03-05 15:25:00+00,0,0
0115,Piʻiholo,RF_1_Tot300s,2023-03-05 15:30:00+00,0,0
0115,Piʻiholo,RF_1_Tot300s,2023-03-05 15:35:00+00,0,0
0115,Piʻiholo,RF_1_Tot300s,2023-03-05 15:40:00+00,0,0
0115,Piʻiholo,RF_1_Tot300s,2023-03-05 15:45:00+00,0,0
0115,Piʻiholo,RF_1_Tot300s,2023-03-05 15:50:00+00,0,0
0115,Piʻiholo,RF_1_Tot300s,2023-03-05 15:55:00+00,0,0
0115,Piʻiholo,RF_1_Tot300s,2023-03-05 16:00:00+00,0,0
0115,Piʻiholo,RF_1_Tot300s,2023-03-05 16:05:00+00,0,0
0115,Piʻiholo,RF_1_Tot300s,2023-03-05 16:10:00+00,0,0
0115,Piʻiholo,RF_1_Tot300s,2023-03-05 16:15:00+00,0,0
0115,Piʻiholo,RF_1_Tot300s,2023-03-05 16:20:00+00,0,0
0115,Piʻiholo,RF_1_Tot300s,2023-03-05 16:25:00+00,0,0
0115,Piʻiholo,RF_1_Tot300s,2023-03-05 16:30:00+00,0,0
0115,Piʻiholo,RF_1_Tot300s,2023-03-05 16:35:00+00,0,0
0115,Piʻiholo,RF_1_Tot300s,2023-03-05 16:40:00+00,0,0
0115,Piʻiholo,RF_1_Tot300s,2023-03-05 16:45:00+00,0,0
0115,Piʻiholo,RF_1_Tot300s,2023-03-05 16:50:00+00,0,0
0115,Piʻiholo,RF_1_Tot300s,2023-03-05 16:55:00+00,0,0
0115,Piʻiholo,RF_1_Tot300s,2023-03-05 17:00:00+00,0,0
0115,Piʻiholo,RF_1_Tot300s,2023-03-05 17:05:00+00,0,0
0115,Piʻiholo,RF_1_Tot300s,2023-03-05 17:10:00+00,0,0
0115,Piʻiholo,RF_1_Tot300s,2023-03-05 17:15:00+00,0,0
0115,Piʻiholo,RF_1_Tot300s,2023-03-05 17:20:00+00,0,0
0115,Piʻiholo,RF_1_Tot300s,2023-03-05 17:25:00+00,0,0
0115,Piʻiholo,RF_1_Tot300s,2023-03-05 17:30:00+00,0,0
0115,Piʻiholo,RF_1_Tot300s,2023-03-05 17:35:00+00,0,0
0115,Piʻiholo,RF_1_Tot300s,2023-03-05 17:40:00+00,0,0
0115,Piʻiholo,RF_1_Tot300s,2023-03-05 17:45:00+00,0,0
0115,Piʻiholo,RF_1_Tot300s,2023-03-05 17:50:00+00,0,0
0115,Piʻiholo,RF_1_Tot300s,2023-03-05 17:55:00+00,0,0
0115,Piʻiholo,RF_1_Tot300s,2023-03-05 18:00:00+00,0,0
0115,Piʻiholo,RF_1_Tot300s,2023-03-05 18:05:00+00,0,0
0115,Piʻiholo,RF_1_Tot300s,2023-03-05 18:10:00+00,0,0
0115,Piʻiholo,RF_1_Tot300s,2023-03-05 18:15:00+00,0,0
0115,Piʻiholo,RF_1_Tot300s,2023-03-05 18:20:00+00,0,0
0115,Piʻiholo,RF_1_Tot300s,2023-03-05 18:25:00+00,0,0
0115,Piʻiholo,RF_1_Tot300s,2023-03-05 18:30:00+00,0,0
0115,Piʻiholo,RF_1_Tot300s,2023-03-05 18:35:00+00,0,0
0115,Piʻiholo,RF_1_Tot300s,2023-03-05 18:40:00+00,0,0
0115,Piʻiholo,RF_1_Tot300s,2023-03-05 18:45:00+00,0,0
0115,Piʻiholo,RF_1_Tot300s,2023-03-05 18:50:00+00,0,0
0115,Piʻiholo,RF_1_Tot300s,2023-03-05 18:55:00+00,0,0
0115,Piʻiholo,RF_1_Tot300s,2023-03-05 19:00:00+00,0,0
0115,Piʻiholo,RF_1_Tot300s,2023-03-05 19:05:00+00,0,0
0115,Piʻiholo,RF_1_Tot300s,2023-03-05 19:10:00+00,0,0
0115,Piʻiholo,RF_1_Tot300s,2023-03-05 19:15:00+00,0,0
0115,Piʻiholo,RF_1_Tot300s,2023-03-05 19:20:00+00,0,0
0115,Piʻiholo,RF_1_Tot300s,2023-03-05 19:25:00+00,0,0
0115,Piʻiholo,RF_1_Tot300s,2023-03-05 19:30:00+00,0,0
0115,Piʻiholo,RF_1_Tot300s,2023-03-05 19:35:00+00,0,0
0115,Piʻiholo,RF_1_Tot300s,2023-03-05 19:40:00+00,0,0
0115,Piʻiholo,RF_1_Tot300s,2023-03-05 19:45:00+00,0,0
0115,Piʻiholo,RF_1_Tot300s,2023-03-05 19:50:00+00,0,0
0115,Piʻiholo,RF_1_Tot300s,2023-03-05 19:55:00+00,0,0
0115,Piʻiholo,RF_1_Tot300s,2023-03-05 20:00:00+00,0,0
0115,Piʻiholo,RF_1_Tot300s,2023-03-05 20:05:00+00,0,0
0115,Piʻiholo,RF_1_Tot300s,2023-03-05 20:10:00+00,0,0
0115,Piʻiholo,RF_1_Tot300s,2023-03-05 20:15:00+00,0,0
0115,Piʻiholo,RF_1_Tot300s,2023-03-05 20:20:00+00,0,0
0115,Piʻiholo,RF_1_Tot300s,2023-03-05 20:25:00+00,0,0
0115,Piʻiholo,RF_1_Tot300s,2023-03-05 20:30:00+00,0,0
0115,Piʻiholo,RF_1_Tot300s,2023-03-05 20:35:00+00,0,0
0115,Piʻiholo,RF_1_Tot300s,2023-03-05 20:40:00+00,0,0
0115,Piʻiholo,RF_1_Tot300s,2023-03-05 20:45:00+00,0,0
0115,Piʻiholo,RF_1_Tot300s,2023-03-05 20:50:00+00,0,0
0115,Piʻiholo,RF_1_Tot300s,2023-03-05 20:55:00+00,0,0
0115,Piʻiholo,RF_1_Tot300s,2023-03-05 21:00:00+00,0,0
0115,Piʻiholo,RF_1_Tot300s,2023-03-05 21:05:00+00,0,0
0115,Piʻiholo,RF_1_Tot300s,2023-03-05 21:10:00+00,0,0
0115,Piʻiholo,RF_1_Tot300s,2023-03-05 21:15:00+00,0,0
0115,Piʻiholo,RF_1_Tot300s,2023-03-05 21:20:00+00,0,0
0115,Piʻiholo,RF_1_Tot300s,2023-03-05 21:25:00+00,0,0
0115,Piʻiholo,RF_1_Tot300s,2023-03-05 21:30:00+00,0,0
0115,Piʻiholo,RF_1_Tot300s,2023-03-05 21:35:00+00,0,0
0115,Piʻiholo,RF_1_Tot300s,2023-03-05 21:40:00+00,0,0
0115,Piʻiholo,RF_1_Tot300s,2023-03-05 21:45:00+00,0,0
0115,Piʻiholo,RF_1_Tot300s,2023-03-05 21:50:00+00,0,0
0115,Piʻiholo,RF_1_Tot300s,2023-03-05 21:55:00+00,0,0
0115,Piʻiholo,RF_1_Tot300s,2023-03-05 22:00:00+00,0,0
0115,Piʻiholo,RF_1_Tot300s,2023-03-05 22:05:00+00,0,0
0115,Piʻiholo,RF_1_Tot300s,2023-03-05 22:10:00+00,0,0
0115,Piʻiholo,RF_1_Tot300s,2023-03-05 22:15:00+00,0,0
0115,Piʻiholo,RF_1_Tot300s,2023-03-05 22:20:00+00,0,0
0115,Piʻiholo,RF_1_Tot300s,2023-03-05 22:25:00+00,0,0
0115,Piʻiholo,RF_1_Tot300s,2023-03-05 22:30:00+00,0,0
0115,Piʻiholo,RF_1_Tot300s,2023-03-05 22:40:00+00,7999,0
0115,Piʻiholo,RF_1_Tot300s,2023-03-05 22:45:00+00,7999,0
0115,Piʻiholo,RF_1_Tot300s,2023-03-05 22:50:00+00,7999,0
0115,Piʻiholo,RF_1_Tot300s,2023-03-05 22:55:00+00,7999,0
0115,Piʻiholo,RF_1_Tot300s,2023-03-05 23:00:00+00,7999,0
0115,Piʻiholo,RF_1_Tot300s,2023-03-05 23:05:00+00,7999,0
0115,Piʻiholo,RF_1_Tot300s,2023-03-05 23:10:00+00,7999,0
0115,Piʻiholo,RF_1_Tot300s,2023-03-05 23:15:00+00,7999,0
0115,Piʻiholo,RF_1_Tot300s,2023-03-05 23:20:00+00,7999,0
0115,Piʻiholo,RF_1_Tot300s,2023-03-05 23:25:00+00,7999,0
0115,Piʻiholo,RF_1_Tot300s,2023-03-05 23:30:00+00,7999,0
0115,Piʻiholo,RF_1_Tot300s,2023-03-05 23:40:00+00,7999,0
0115,Piʻiholo,RF_1_Tot300s,2023-03-05 23:45:00+00,7999,0
0115,Piʻiholo,RF_1_Tot300s,2023-03-05 23:50:00+00,7999,0
0115,Piʻiholo,RF_1_Tot300s,2023-03-05 23:55:00+00,7999,0
0115,Piʻiholo,RF_1_Tot300s,2023-03-06 00:00:00+00,7999,0
0115,Piʻiholo,RF_1_Tot300s,2023-03-06 00:05:00+00,7999,0
0115,Piʻiholo,RF_1_Tot300s,2023-03-06 00:10:00+00,7999,0
0115,Piʻiholo,RF_1_Tot300s,2023-03-06 00:15:00+00,7999,0
0115,Piʻiholo,RF_1_Tot300s,2023-03-06 00:20:00+00,7999,0
0115,Piʻiholo,RF_1_Tot300s,2023-03-06 00:25:00+00,7999,0
0115,Piʻiholo,RF_1_Tot300s,2023-03-06 00:30:00+00,7999,0
0115,Piʻiholo,RF_1_Tot300s,2023-03-06 00:35:00+00,7999,0
0115,Piʻiholo,RF_1_Tot300s,2023-03-06 00:45:00+00,7999,0
0115,Piʻiholo,RF_1_Tot300s,2023-03-06 00:50:00+00,7999,0
0115,Piʻiholo,RF_1_Tot300s,2023-03-06 00:55:00+00,7999,0
0115,Piʻiholo,RF_1_Tot300s,2023-03-06 01:00:00+00,7999,0
0115,Piʻiholo,RF_1_Tot300s,2023-03-06 01:05:00+00,7999,0
0115,Piʻiholo,RF_1_Tot300s,2023-03-06 01:10:00+00,7999,0
0115,Piʻiholo,RF_1_Tot300s,2023-03-06 01:15:00+00,7999,0
0115,Piʻiholo,RF_1_Tot300s,2023-03-06 01:20:00+00,7999,0
0115,Piʻiholo,RF_1_Tot300s,2023-03-06 01:25:00+00,7999,0
0115,Piʻiholo,RF_1_Tot300s,2023-03-06 01:30:00+00,7999,0
0115,Piʻiholo,RF_1_Tot300s,2023-03-06 01:35:00+00,7999,0
0115,Piʻiholo,RF_1_Tot300s,2023-03-06 01:45:00+00,7999,0
0115,Piʻiholo,RF_1_Tot300s,2023-03-06 01:50:00+00,7999,0
0115,Piʻiholo,RF_1_Tot300s,2023-03-06 01:55:00+00,7999,0
0115,Piʻiholo,RF_1_Tot300s,2023-03-06 02:00:00+00,7999,0
0115,Piʻiholo,RF_1_Tot300s,2023-03-06 02:05:00+00,7999,0
0115,Piʻiholo,RF_1_Tot300s,2023-03-06 02:10:00+00,7999,0
0115,Piʻiholo,RF_1_Tot300s,2023-03-06 02:15:00+00,7999,0
0115,Piʻiholo,RF_1_Tot300s,2023-03-06 02:20:00+00,7999,0
0115,Piʻiholo,RF_1_Tot300s,2023-03-06 02:25:00+00,7999,0
0115,Piʻiholo,RF_1_Tot300s,2023-03-06 02:30:00+00,7999,0
0115,Piʻiholo,RF_1_Tot300s,2023-03-06 02:35:00+00,7999,0
0115,Piʻiholo,RF_1_Tot300s,2023-03-06 02:40:00+00,7999,0
0115,Piʻiholo,RF_1_Tot300s,2023-03-06 02:45:00+00,7999,0
0115,Piʻiholo,RF_1_Tot300s,2023-03-06 02:50:00+00,7999,0
0115,Piʻiholo,RF_1_Tot300s,2023-03-06 02:55:00+00,7999,0
0115,Piʻiholo,RF_1_Tot300s,2023-03-06 03:00:00+00,7999,0
0115,Piʻiholo,RF_1_Tot300s,2023-03-06 03:05:00+00,7999,0
0115,Piʻiholo,RF_1_Tot300s,2023-03-06 03:10:00+00,7999,0
0115,Piʻiholo,RF_1_Tot300s,2023-03-06 03:15:00+00,7999,0
0115,Piʻiholo,RF_1_Tot300s,2023-03-06 03:20:00+00,7999,0
0115,Piʻiholo,RF_1_Tot300s,2023-03-06 03:25:00+00,7999,0
0115,Piʻiholo,RF_1_Tot300s,2023-03-06 03:30:00+00,7999,0
0115,Piʻiholo,RF_1_Tot300s,2023-03-06 03:35:00+00,7999,0
0115,Piʻiholo,RF_1_Tot300s,2023-03-06 03:45:00+00,7999,0
0115,Piʻiholo,RF_1_Tot300s,2023-03-06 03:50:00+00,7999,0
0115,Piʻiholo,RF_1_Tot300s,2023-03-06 03:55:00+00,7999,0
0115,Piʻiholo,RF_1_Tot300s,2023-03-06 04:00:00+00,7999,0
0115,Piʻiholo,RF_1_Tot300s,2023-03-06 04:05:00+00,7999,0
0115,Piʻiholo,RF_1_Tot300s,2023-03-06 04:10:00+00,7999,0
0115,Piʻiholo,RF_1_Tot300s,2023-03-06 04:15:00+00,7999,0
0115,Piʻiholo,RF_1_Tot300s,2023-03-06 04:20:00+00,7999,0
0115,Piʻiholo,RF_1_Tot300s,2023-03-06 04:25:00+00,7999,0
0115,Piʻiholo,RF_1_Tot300s,2023-03-06 04:30:00+00,7999,0
0115,Piʻiholo,RF_1_Tot300s,2023-03-06 04:35:00+00,7999,0
0115,Piʻiholo,RF_1_Tot300s,2023-03-06 04:50:00+00,7999,0
0115,Piʻiholo,RF_1_Tot300s,2023-03-06 04:55:00+00,7999,0
0115,Piʻiholo,RF_1_Tot300s,2023-03-06 05:00:00+00,7999,0
0115,Piʻiholo,RF_1_Tot300s,2023-03-06 05:05:00+00,7999,0
0115,Piʻiholo,RF_1_Tot300s,2023-03-06 05:10:00+00,7999,0
0115,Piʻiholo,RF_1_Tot300s,2023-03-06 05:15:00+00,7999,0
0115,Piʻiholo,RF_1_Tot300s,2023-03-06 05:20:00+00,7999,0
0115,Piʻiholo,RF_1_Tot300s,2023-03-06 05:25:00+00,7999,0
0115,Piʻiholo,RF_1_Tot300s,2023-03-06 05:30:00+00,7999,0
0115,Piʻiholo,RF_1_Tot300s,2023-03-06 05:35:00+00,7999,0
0115,Piʻiholo,RF_1_Tot300s,2023-03-06 05:40:00+00,7999,0
0115,Piʻiholo,RF_1_Tot300s,2023-03-06 05:50:00+00,7999,0
0115,Piʻiholo,RF_1_Tot300s,2023-03-06 05:55:00+00,7999,0
0115,Piʻiholo,RF_1_Tot300s,2023-03-06 06:00:00+00,7999,0
0115,Piʻiholo,RF_1_Tot300s,2023-03-06 06:05:00+00,7999,0
0115,Piʻiholo,RF_1_Tot300s,2023-03-06 06:10:00+00,7999,0
0115,Piʻiholo,RF_1_Tot300s,2023-03-06 06:15:00+00,7999,0
0115,Piʻiholo,RF_1_Tot300s,2023-03-06 06:20:00+00,7999,0
0115,Piʻiholo,RF_1_Tot300s,2023-03-06 06:25:00+00,7999,0
0115,Piʻiholo,RF_1_Tot300s,2023-03-06 06:30:00+00,7999,0
0115,Piʻiholo,RF_1_Tot300s,2023-03-06 06:35:00+00,7999,0
0115,Piʻiholo,RF_1_Tot300s,2023-03-06 06:40:00+00,7999,0
0115,Piʻiholo,RF_1_Tot300s,2023-03-06 06:55:00+00,7999,0
0115,Piʻiholo,RF_1_Tot300s,2023-03-06 07:00:00+00,7999,0
0115,Piʻiholo,RF_1_Tot300s,2023-03-06 07:05:00+00,7999,0
0115,Piʻiholo,RF_1_Tot300s,2023-03-06 07:10:00+00,7999,0
0115,Piʻiholo,RF_1_Tot300s,2023-03-06 07:15:00+00,7999,0
0115,Piʻiholo,RF_1_Tot300s,2023-03-06 07:20:00+00,7999,0
0115,Piʻiholo,RF_1_Tot300s,2023-03-06 07:25:00+00,7999,0
0115,Piʻiholo,RF_1_Tot300s,2023-03-06 07:30:00+00,7999,0
0115,Piʻiholo,RF_1_Tot300s,2023-03-06 07:35:00+00,7999,0
0115,Piʻiholo,RF_1_Tot300s,2023-03-06 07:40:00+00,7999,0
0115,Piʻiholo,RF_1_Tot300s,2023-03-06 07:45:00+00,7999,0
0115,Piʻiholo,RF_1_Tot300s,2023-03-06 08:05:00+00,7999,0
0115,Piʻiholo,RF_1_Tot300s,2023-03-06 08:10:00+00,7999,0
0115,Piʻiholo,RF_1_Tot300s,2023-03-06 08:15:00+00,7999,0
0115,Piʻiholo,RF_1_Tot300s,2023-03-06 08:20:00+00,7999,0
0115,Piʻiholo,RF_1_Tot300s,2023-03-06 08:25:00+00,7999,0
0115,Piʻiholo,RF_1_Tot300s,2023-03-06 08:30:00+00,7999,0
0115,Piʻiholo,RF_1_Tot300s,2023-03-06 08:35:00+00,7999,0
0115,Piʻiholo,RF_1_Tot300s,2023-03-06 08:40:00+00,7999,0
0115,Piʻiholo,RF_1_Tot300s,2023-03-06 08:45:00+00,7999,0
0115,Piʻiholo,RF_1_Tot300s,2023-03-06 08:50:00+00,7999,0
0115,Piʻiholo,RF_1_Tot300s,2023-03-06 08:55:00+00,7999,0
0115,Piʻiholo,RF_1_Tot300s,2023-03-06 09:00:00+00,7999,0
0115,Piʻiholo,RF_1_Tot300s,2023-03-06 09:05:00+00,7999,0
0115,Piʻiholo,RF_1_Tot300s,2023-03-06 09:10:00+00,7999,0
0115,Piʻiholo,RF_1_Tot300s,2023-03-06 09:15:00+00,7999,0
0115,Piʻiholo,RF_1_Tot300s,2023-03-06 09:20:00+00,7999,0
0115,Piʻiholo,RF_1_Tot300s,2023-03-06 09:25:00+00,7999,0
0115,Piʻiholo,RF_1_Tot300s,2023-03-06 09:30:00+00,7999,0
0115,Piʻiholo,RF_1_Tot300s,2023-03-06 09:35:00+00,7999,0
0115,Piʻiholo,RF_1_Tot300s,2023-03-06 09:40:00+00,7999,0
0115,Piʻiholo,RF_1_Tot300s,2023-03-06 09:45:00+00,7999,0
0115,Piʻiholo,RF_1_Tot300s,2023-03-06 09:50:00+00,7999,0
0115,Piʻiholo,RF_1_Tot300s,2023-03-06 09:55:00+00,7999,0
0115,Piʻiholo,RF_1_Tot300s,2023-03-06 10:00:00+00,7999,0
0115,Piʻiholo,RF_1_Tot300s,2023-03-06 10:05:00+00,7999,0
0115,Piʻiholo,RF_1_Tot300s,2023-03-06 10:10:00+00,7999,0
0115,Piʻiholo,RF_1_Tot300s,2023-03-06 10:15:00+00,7999,0
0115,Piʻiholo,RF_1_Tot300s,2023-03-06 10:20:00+00,7999,0
0115,Piʻiholo,RF_1_Tot300s,2023-03-06 10:25:00+00,7999,0
0115,Piʻiholo,RF_1_Tot300s,2023-03-06 10:30:00+00,7999,0
0115,Piʻiholo,RF_1_Tot300s,2023-03-06 10:35:00+00,7999,0
0115,Piʻiholo,RF_1_Tot300s,2023-03-06 10:40:00+00,7999,0
0115,Piʻiholo,RF_1_Tot300s,2023-03-06 10:45:00+00,7999,0
0115,Piʻiholo,RF_1_Tot300s,2023-03-06 10:50:00+00,7999,0
0115,Piʻiholo,RF_1_Tot300s,2023-03-06 10:55:00+00,7999,0
0115,Piʻiholo,RF_1_Tot300s,2023-03-06 11:00:00+00,7999,0
0115,Piʻiholo,RF_1_Tot300s,2023-03-06 11:05:00+00,7999,0
0115,Piʻiholo,RF_1_Tot300s,2023-03-06 11:10:00+00,7999,0
0115,Piʻiholo,RF_1_Tot300s,2023-03-06 11:15:00+00,7999,0
0115,Piʻiholo,RF_1_Tot300s,2023-03-06 11:20:00+00,7999,0
0115,Piʻiholo,RF_1_Tot300s,2023-03-06 11:25:00+00,7999,0
0115,Piʻiholo,RF_1_Tot300s,2023-03-06 11:30:00+00,7999,0
0115,Piʻiholo,RF_1_Tot300s,2023-03-06 11:35:00+00,7999,0
0115,Piʻiholo,RF_1_Tot300s,2023-03-06 11:40:00+00,7999,0
0115,Piʻiholo,RF_1_Tot300s,2023-03-06 11:45:00+00,7999,0
0115,Piʻiholo,RF_1_Tot300s,2023-03-06 11:50:00+00,7999,0
0115,Piʻiholo,RF_1_Tot300s,2023-03-06 11:55:00+00,7999,0
0115,Piʻiholo,RF_1_Tot300s,2023-03-06 12:05:00+00,7999,0
0115,Piʻiholo,RF_1_Tot300s,2023-03-06 12:10:00+00,7999,0
0115,Piʻiholo,RF_1_Tot300s,2023-03-06 12:15:00+00,7999,0
0115,Piʻiholo,RF_1_Tot300s,2023-03-06 12:20:00+00,7999,0
0115,Piʻiholo,RF_1_Tot300s,2023-03-06 12:25:00+00,7999,0
0115,Piʻiholo,RF_1_Tot300s,2023-03-06 12:30:00+00,7999,0
0115,Piʻiholo,RF_1_Tot300s,2023-03-06 12:35:00+00,7999,0
0115,Piʻiholo,RF_1_Tot300s,2023-03-06 12:40:00+00,7999,0
0115,Piʻiholo,RF_1_Tot300s,2023-03-06 12:45:00+00,7999,0
0115,Piʻiholo,RF_1_Tot300s,2023-03-06 12:50:00+00,7999,0
0115,Piʻiholo,RF_1_Tot300s,2023-03-06 12:55:00+00,7999,0
0115,Piʻiholo,RF_1_Tot300s,2023-03-06 13:10:00+00,7999,0
0115,Piʻiholo,RF_1_Tot300s,2023-03-06 13:15:00+00,7999,0
0115,Piʻiholo,RF_1_Tot300s,2023-03-06 13:20:00+00,7999,0
0115,Piʻiholo,RF_1_Tot300s,2023-03-06 13:25:00+00,7999,0
0115,Piʻiholo,RF_1_Tot300s,2023-03-06 13:30:00+00,7999,0
0115,Piʻiholo,RF_1_Tot300s,2023-03-06 13:35:00+00,7999,0
0115,Piʻiholo,RF_1_Tot300s,2023-03-06 13:40:00+00,7999,0
0115,Piʻiholo,RF_1_Tot300s,2023-03-06 13:45:00+00,7999,0
0115,Piʻiholo,RF_1_Tot300s,2023-03-06 13:50:00+00,7999,0
0115,Piʻiholo,RF_1_Tot300s,2023-03-06 13:55:00+00,7999,0
0115,Piʻiholo,RF_1_Tot300s,2023-03-06 14:00:00+00,7999,0
0115,Piʻiholo,RF_1_Tot300s,2023-03-06 14:05:00+00,7999,0
0115,Piʻiholo,RF_1_Tot300s,2023-03-06 14:10:00+00,7999,0
0115,Piʻiholo,RF_1_Tot300s,2023-03-06 14:15:00+00,7999,0
0115,Piʻiholo,RF_1_Tot300s,2023-03-06 14:20:00+00,7999,0
0115,Piʻiholo,RF_1_Tot300s,2023-03-06 14:25:00+00,7999,0
0115,Piʻiholo,RF_1_Tot300s,2023-03-06 14:30:00+00,7999,0
0115,Piʻiholo,RF_1_Tot300s,2023-03-06 14:35:00+00,7999,0
0115,Piʻiholo,RF_1_Tot300s,2023-03-06 14:40:00+00,7999,0
0115,Piʻiholo,RF_1_Tot300s,2023-03-06 14:45:00+00,7999,0
0115,Piʻiholo,RF_1_Tot300s,2023-03-06 14:50:00+00,7999,0
0115,Piʻiholo,RF_1_Tot300s,2023-03-06 14:55:00+00,7999,0
0115,Piʻiholo,RF_1_Tot300s,2023-03-06 15:00:00+00,7999,0
0115,Piʻiholo,RF_1_Tot300s,2023-03-06 15:15:00+00,7999,0
0115,Piʻiholo,RF_1_Tot300s,2023-03-06 15:20:00+00,7999,0
0115,Piʻiholo,RF_1_Tot300s,2023-03-06 15:25:00+00,7999,0
0115,Piʻiholo,RF_1_Tot300s,2023-03-06 15:30:00+00,7999,0
0115,Piʻiholo,RF_1_Tot300s,2023-03-06 15:35:00+00,7999,0
0115,Piʻiholo,RF_1_Tot300s,2023-03-06 15:40:00+00,7999,0
0115,Piʻiholo,RF_1_Tot300s,2023-03-06 15:45:00+00,7999,0
0115,Piʻiholo,RF_1_Tot300s,2023-03-06 15:50:00+00,7999,0
0115,Piʻiholo,RF_1_Tot300s,2023-03-06 15:55:00+00,7999,0
0115,Piʻiholo,RF_1_Tot300s,2023-03-06 16:00:00+00,7999,0
0115,Piʻiholo,RF_1_Tot300s,2023-03-06 16:05:00+00,7999,0
0115,Piʻiholo,RF_1_Tot300s,2023-03-06 16:10:00+00,7999,0
0115,Piʻiholo,RF_1_Tot300s,2023-03-06 16:20:00+00,7999,0
0115,Piʻiholo,RF_1_Tot300s,2023-03-06 16:25:00+00,7999,0
0115,Piʻiholo,RF_1_Tot300s,2023-03-06 16:30:00+00,7999,0
0115,Piʻiholo,RF_1_Tot300s,2023-03-06 16:35:00+00,7999,0
0115,Piʻiholo,RF_1_Tot300s,2023-03-06 16:40:00+00,7999,0
0115,Piʻiholo,RF_1_Tot300s,2023-03-06 16:45:00+00,7999,0
0115,Piʻiholo,RF_1_Tot300s,2023-03-06 16:50:00+00,7999,0
0115,Piʻiholo,RF_1_Tot300s,2023-03-06 16:55:00+00,7999,0
0115,Piʻiholo,RF_1_Tot300s,2023-03-06 17:00:00+00,7999,0
0115,Piʻiholo,RF_1_Tot300s,2023-03-06 17:05:00+00,7999,0
0115,Piʻiholo,RF_1_Tot300s,2023-03-06 17:10:00+00,7999,0
0115,Piʻiholo,RF_1_Tot300s,2023-03-06 17:20:00+00,7999,0
0115,Piʻiholo,RF_1_Tot300s,2023-03-06 17:25:00+00,7999,0
0115,Piʻiholo,RF_1_Tot300s,2023-03-06 17:30:00+00,7999,0
0115,Piʻiholo,RF_1_Tot300s,2023-03-06 17:35:00+00,7999,0
0115,Piʻiholo,RF_1_Tot300s,2023-03-06 17:40:00+00,7999,0
0115,Piʻiholo,RF_1_Tot300s,2023-03-06 17:45:00+00,7999,0
0115,Piʻiholo,RF_1_Tot300s,2023-03-06 17:50:00+00,7999,0
0115,Piʻiholo,RF_1_Tot300s,2023-03-06 17:55:00+00,7999,0
0115,Piʻiholo,RF_1_Tot300s,2023-03-06 18:00:00+00,7999,0
0115,Piʻiholo,RF_1_Tot300s,2023-03-06 18:05:00+00,7999,0
0115,Piʻiholo,RF_1_Tot300s,2023-03-06 18:10:00+00,7999,0
0115,Piʻiholo,RF_1_Tot300s,2023-03-06 18:25:00+00,7999,0
0115,Piʻiholo,RF_1_Tot300s,2023-03-06 18:30:00+00,7999,0
0115,Piʻiholo,RF_1_Tot300s,2023-03-06 18:35:00+00,7999,0
0115,Piʻiholo,RF_1_Tot300s,2023-03-06 18:40:00+00,7999,0
0115,Piʻiholo,RF_1_Tot300s,2023-03-06 18:45:00+00,7999,0
0115,Piʻiholo,RF_1_Tot300s,2023-03-06 18:50:00+00,7999,0
0115,Piʻiholo,RF_1_Tot300s,2023-03-06 18:55:00+00,7999,0
0115,Piʻiholo,RF_1_Tot300s,2023-03-06 19:00:00+00,7999,0
0115,Piʻiholo,RF_1_Tot300s,2023-03-06 19:05:00+00,7999,0
0115,Piʻiholo,RF_1_Tot300s,2023-03-06 19:10:00+00,7999,0
0115,Piʻiholo,RF_1_Tot300s,2023-03-06 19:15:00+00,7999,0
0115,Piʻiholo,RF_1_Tot300s,2023-03-06 19:20:00+00,7999,0
0115,Piʻiholo,RF_1_Tot300s,2023-03-06 19:25:00+00,7999,0
0115,Piʻiholo,RF_1_Tot300s,2023-03-06 19:30:00+00,7999,0
0115,Piʻiholo,RF_1_Tot300s,2023-03-06 19:35:00+00,7999,0
0115,Piʻiholo,RF_1_Tot300s,2023-03-06 19:40:00+00,7999,0
0115,Piʻiholo,RF_1_Tot300s,2023-03-06 19:45:00+00,7999,0
0115,Piʻiholo,RF_1_Tot300s,2023-03-06 19:50:00+00,7999,0
0115,Piʻiholo,RF_1_Tot300s,2023-03-06 19:55:00+00,7999,0
0115,Piʻiholo,RF_1_Tot300s,2023-03-06 20:00:00+00,7999,0
0115,Piʻiholo,RF_1_Tot300s,2023-03-06 20:05:00+00,7999,0
0115,Piʻiholo,RF_1_Tot300s,2023-03-06 20:10:00+00,7999,0
0115,Piʻiholo,RF_1_Tot300s,2023-03-06 20:15:00+00,7999,0
0115,Piʻiholo,RF_1_Tot300s,2023-03-06 20:30:00+00,7999,0
0115,Piʻiholo,RF_1_Tot300s,2023-03-06 20:35:00+00,7999,0
0115,Piʻiholo,RF_1_Tot300s,2023-03-06 20:40:00+00,7999,0
0115,Piʻiholo,RF_1_Tot300s,2023-03-06 20:45:00+00,7999,0
0115,Piʻiholo,RF_1_Tot300s,2023-03-06 20:50:00+00,7999,0
0115,Piʻiholo,RF_1_Tot300s,2023-03-06 20:55:00+00,7999,0
0115,Piʻiholo,RF_1_Tot300s,2023-03-06 21:00:00+00,7999,0
0115,Piʻiholo,RF_1_Tot300s,2023-03-06 21:05:00+00,7999,0
0115,Piʻiholo,RF_1_Tot300s,2023-03-06 21:10:00+00,7999,0
0115,Piʻiholo,RF_1_Tot300s,2023-03-06 21:15:00+00,7999,0
0115,Piʻiholo,RF_1_Tot300s,2023-03-06 21:20:00+00,7999,0
0115,Piʻiholo,RF_1_Tot300s,2023-03-07 20:30:00+00,1.126,0
0115,Piʻiholo,RF_1_Tot300s,2023-03-07 20:35:00+00,0.531,0
0115,Piʻiholo,RF_1_Tot300s,2023-03-07 20:40:00+00,0,0
0115,Piʻiholo,RF_1_Tot300s,2023-03-07 20:45:00+00,0,0
0115,Piʻiholo,RF_1_Tot300s,2023-03-07 20:55:00+00,0,0
0115,Piʻiholo,RF_1_Tot300s,2023-03-07 21:00:00+00,0,0
0115,Piʻiholo,RF_1_Tot300s,2023-03-07 21:05:00+00,0,0
0115,Piʻiholo,RF_1_Tot300s,2023-03-07 21:10:00+00,0,0
0115,Piʻiholo,RF_1_Tot300s,2023-03-07 21:15:00+00,0,0
0115,Piʻiholo,RF_1_Tot300s,2023-03-07 21:20:00+00,0,0
0115,Piʻiholo,RF_1_Tot300s,2023-03-07 21:25:00+00,0,0
0115,Piʻiholo,RF_1_Tot300s,2023-03-07 21:30:00+00,0,0
0115,Piʻiholo,RF_1_Tot300s,2023-03-07 21:35:00+00,0,0
0115,Piʻiholo,RF_1_Tot300s,2023-03-07 21:40:00+00,0,0
0115,Piʻiholo,RF_1_Tot300s,2023-03-07 21:45:00+00,0,0
0115,Piʻiholo,RF_1_Tot300s,2023-03-07 21:50:00+00,0,0
0115,Piʻiholo,RF_1_Tot300s,2023-03-07 21:55:00+00,0,0
0115,Piʻiholo,RF_1_Tot300s,2023-03-07 22:00:00+00,0,0
0115,Piʻiholo,RF_1_Tot300s,2023-03-07 22:05:00+00,0,0
0115,Piʻiholo,RF_1_Tot300s,2023-03-07 22:10:00+00,0,0
0115,Piʻiholo,RF_1_Tot300s,2023-03-07 22:15:00+00,0,0
0115,Piʻiholo,RF_1_Tot300s,2023-03-07 22:20:00+00,0,0
0115,Piʻiholo,RF_1_Tot300s,2023-03-07 22:25:00+00,0,0
0115,Piʻiholo,RF_1_Tot300s,2023-03-07 22:30:00+00,0,0
0115,Piʻiholo,RF_1_Tot300s,2023-03-07 22:35:00+00,0,0
0115,Piʻiholo,RF_1_Tot300s,2023-03-07 22:40:00+00,0,0
0115,Piʻiholo,RF_1_Tot300s,2023-03-07 22:45:00+00,0,0
0115,Piʻiholo,RF_1_Tot300s,2023-03-07 22:50:00+00,0,0
0115,Piʻiholo,RF_1_Tot300s,2023-03-07 22:55:00+00,0,0
0115,Piʻiholo,RF_1_Tot300s,2023-03-07 23:00:00+00,0,0
0115,Piʻiholo,RF_1_Tot300s,2023-03-07 23:05:00+00,0,0
0115,Piʻiholo,RF_1_Tot300s,2023-03-07 23:10:00+00,0,0
0115,Piʻiholo,RF_1_Tot300s,2023-03-07 23:15:00+00,0,0
0115,Piʻiholo,RF_1_Tot300s,2023-03-07 23:20:00+00,0,0
0115,Piʻiholo,RF_1_Tot300s,2023-03-07 23:25:00+00,0,0
0115,Piʻiholo,RF_1_Tot300s,2023-03-07 23:30:00+00,0,0
0115,Piʻiholo,RF_1_Tot300s,2023-03-07 23:35:00+00,0,0
0115,Piʻiholo,RF_1_Tot300s,2023-03-07 23:40:00+00,0,0
0115,Piʻiholo,RF_1_Tot300s,2023-03-07 23:45:00+00,0,0
0115,Piʻiholo,RF_1_Tot300s,2023-03-07 23:50:00+00,0,0
0115,Piʻiholo,RF_1_Tot300s,2023-03-07 23:55:00+00,0,0
